row_index,page,text,x0,y0,x1,y1
1,1,(PCS),381.85,413.40,401.63,421.40
1,1,IDR,496.23,413.40,509.60,421.40
1,1,IDR,432.96,419.91,446.33,427.91
1,1,Stop,266.60,437.03,282.48,445.03
1,1,Kontak,284.98,437.03,309.31,445.03
1,1,Multistandard,311.81,437.03,359.54,445.03
1,1,D,362.03,437.03,367.46,445.03
1,1,10,70.10,443.55,78.82,451.55
1,1,8536,109.76,443.55,127.20,451.55
1,1,70E7253,144.15,443.55,174.80,451.55
1,1,61,214.70,443.55,223.42,451.55
1,1,30,403.63,443.55,412.35,451.55
1,1,"218,785.41",423.38,443.55,463.09,451.55
1,1,"6,563,562.30",480.79,442.75,538.90,452.75
1,1,engan,266.60,450.06,288.33,458.06
1,1,USB,290.82,450.06,305.23,458.06
1,1,A+C,307.73,450.06,323.14,458.06
2,1,20,70.10,472.50,78.82,480.50
2,1,8536,109.76,472.50,127.20,480.50
2,1,70E8301TY,144.15,472.50,184.07,480.50
2,1,61,214.70,472.50,223.42,480.50
2,1,Sakelar,266.60,472.50,292.34,480.50
2,1,1,294.83,472.50,299.19,480.50
2,1,Tombol,301.69,472.50,327.98,480.50
2,1,Pintar,330.47,472.50,350.90,480.50
2,1,30,403.63,472.50,412.35,480.50
2,1,"212,878.29",423.38,472.50,463.09,480.50
2,1,"6,386,348.70",480.79,471.70,538.90,481.70
3,1,30,70.10,500.25,78.82,508.25
3,1,8536,109.76,500.25,127.20,508.25
3,1,70E8302TY,144.15,500.25,184.07,508.25
3,1,61,214.70,500.25,223.42,508.25
3,1,Sakelar,266.60,500.25,292.34,508.25
3,1,2,294.83,500.25,299.19,508.25
3,1,Tombol,301.69,500.25,327.98,508.25
3,1,Pintar,330.47,500.25,350.90,508.25
3,1,30,403.63,500.25,412.35,508.25
3,1,"250,985.86",423.38,500.25,463.09,508.25
3,1,"7,529,575.80",480.79,499.46,538.90,509.46
4,1,40,70.10,528.01,78.82,536.01
4,1,8536,109.76,528.01,127.20,536.01
4,1,70E8303TY,144.15,528.01,184.07,536.01
4,1,61,214.70,528.01,223.42,536.01
4,1,Sakelar,266.60,528.01,292.34,536.01
4,1,3,294.83,528.01,299.19,536.01
4,1,Tombol,301.69,528.01,327.98,536.01
4,1,Pintar,330.47,528.01,350.90,536.01
4,1,20,403.63,528.01,412.35,536.01
4,1,"278,789.28",423.38,528.01,463.09,536.01
4,1,"5,575,785.60",480.79,527.21,538.90,537.21
5,1,Sakelar,266.60,550.45,292.34,558.45
5,1,4,294.83,550.45,299.19,558.45
5,1,Tombol,301.69,550.45,327.98,558.45
5,1,Skenario,330.47,550.45,360.81,558.45
5,1,Pi,363.30,550.45,369.54,558.45
5,1,50,70.10,556.96,78.82,564.96
5,1,8536,109.76,556.96,127.20,564.96
5,1,70E8308TY,144.15,556.96,184.07,564.96
5,1,61,214.70,556.96,223.42,564.96
5,1,19,403.63,556.96,412.35,564.96
5,1,"280,565.86",423.38,556.96,463.09,564.96
5,1,"5,330,751.34",480.79,556.17,538.90,566.17
5,1,ntar,266.60,563.47,280.80,571.47
6,1,Sakelar,266.60,580.60,292.34,588.60
6,1,1,294.83,580.60,299.19,588.60
6,1,Tombol,301.69,580.60,327.98,588.60
6,1,Peredup,330.47,580.60,359.46,588.60
6,1,Pi,361.96,580.60,368.19,588.60
6,1,60,70.10,587.11,78.82,595.11
6,1,8536,109.76,587.11,127.20,595.11
6,1,70E8315TY,144.15,587.11,184.07,595.11
6,1,61,214.70,587.11,223.42,595.11
6,1,20,403.63,587.11,412.35,595.11
6,1,"378,277.57",423.38,587.11,463.09,595.11
6,1,"7,565,551.40",480.79,586.31,538.90,596.31
6,1,ntar,266.60,593.62,280.80,601.62
7,1,Sakelar,266.60,610.75,292.34,618.75
7,1,2,294.83,610.75,299.19,618.75
7,1,Tombol,301.69,610.75,327.98,618.75
7,1,Peredup,330.47,610.75,359.46,618.75
7,1,Pi,361.96,610.75,368.19,618.75
7,1,70,70.10,617.26,78.82,625.26
7,1,8536,109.76,617.26,127.20,625.26
7,1,70E8316TY,144.15,617.26,184.07,625.26
7,1,61,214.70,617.26,223.42,625.26
7,1,30,403.63,617.26,412.35,625.26
7,1,"439,214.14",423.38,617.26,463.09,625.26
7,1,"13,176,424.20",475.34,616.46,538.90,626.46
7,1,ntar,266.60,623.77,280.80,631.77
8,1,80,70.10,646.21,78.82,654.21
8,1,8536,109.76,646.21,127.20,654.21
8,1,301022,144.15,646.21,170.31,654.21
8,1,Sakelar,266.60,646.21,292.34,654.21
8,1,2,294.83,646.21,299.19,654.21
8,1,Tombol,301.69,646.21,327.98,654.21
8,1,2,330.47,646.21,334.83,654.21
8,1,Arah,337.33,646.21,353.65,654.21
8,1,50,403.63,646.21,412.35,654.21
8,1,"14,834.41",427.74,646.21,463.09,654.21
8,1,"741,720.50",489.26,645.42,538.90,655.42
9,1,Zigbee,266.60,668.65,290.14,676.65
9,1,to,292.64,668.65,299.65,676.65
9,1,0-,302.14,668.65,309.41,676.65
9,1,90,70.10,681.68,78.82,689.68
9,1,9032,109.76,681.68,127.20,689.68
9,1,N65E0-0019,144.15,681.68,187.40,689.68
9,1,10V,266.60,681.68,280.09,689.68
9,1,converter,282.58,681.68,315.90,689.68
9,1,with,318.39,681.68,333.28,689.68
9,1,Zigbee,335.78,681.68,359.32,689.68
9,1,m,361.82,681.68,368.53,689.68
9,1,20,403.63,681.68,412.35,689.68
9,1,"431,130.72",423.38,681.68,463.09,689.68
9,1,"8,622,614.40",480.79,680.88,538.90,690.88
9,1,odule,266.60,694.70,285.84,702.70
10,1,100,67.92,717.14,81.00,725.14
10,1,8536,109.76,717.14,127.20,725.14
10,1,S00E0-S042,144.15,717.14,186.61,725.14
10,1,Simpad,266.60,717.14,292.62,725.14
10,1,plus,295.11,717.14,309.38,725.14
10,1,(Alexa,311.87,717.14,333.90,725.14
10,1,speaker),336.40,717.14,366.91,725.14
10,1,9,407.99,717.14,412.35,725.14
10,1,"2,371,818.56",416.60,717.14,463.09,725.14
10,1,"21,346,367.04",475.34,716.35,538.90,726.35
11,1,Duro,266.60,739.58,283.70,747.58
11,1,KC1,286.19,739.58,300.05,747.58
11,1,ivory,302.54,739.58,319.55,747.58
11,1,30D,322.05,739.58,336.19,747.58
11,1,anti-,338.69,739.58,354.74,747.58
11,1,110,67.92,746.09,81.00,754.09
11,1,9405,109.76,746.09,127.20,754.09
11,1,N0424-0232,144.15,746.09,187.27,754.09
11,1,96,403.63,746.09,412.35,754.09
11,1,"25,405.05",427.74,746.09,463.09,754.09
11,1,"2,438,884.80",480.79,745.30,538.90,755.30
11,1,glare,266.60,752.61,284.12,760.61
11,1,frame,286.62,752.61,307.15,760.61
12,2,Duro,266.60,59.44,283.70,67.44
12,2,LED-,286.19,59.44,302.98,67.44
12,2,120,67.92,65.95,81.00,73.95
12,2,9405,109.76,65.95,127.20,73.95
12,2,N0424-2056,144.15,65.95,187.27,73.95
12,2,48,403.63,65.95,412.35,73.95
12,2,"87,052.25",427.74,65.95,463.09,73.95
12,2,"4,178,508.00",480.79,65.15,538.90,75.15
12,2,KC1,266.60,72.46,280.46,80.46
12,2,Module,282.95,72.46,308.35,80.46
12,2,9W4000K36D,310.85,72.46,358.70,80.46
13,2,2,266.60,89.59,270.96,97.59
13,2,Wires,273.46,89.59,293.14,97.59
13,2,(L-N),295.64,89.59,313.97,97.59
13,2,Track-,316.46,89.59,338.78,97.59
13,2,130,67.92,96.10,81.00,104.10
13,2,9405,109.76,96.10,127.20,104.10
13,2,N66E0-0012,144.15,96.10,187.40,104.10
13,2,28,403.63,96.10,412.35,104.10
13,2,"75,504.50",427.74,96.10,463.09,104.10
13,2,"2,114,126.00",480.79,95.30,538.90,105.30
13,2,2,266.60,102.61,270.96,110.61
13,2,meters-BK,273.46,102.61,310.02,110.61
14,2,140,67.92,125.05,81.00,133.05
14,2,3926,109.76,125.05,127.20,133.05
14,2,60710-50,144.15,125.05,177.57,133.05
14,2,Inbow,266.60,125.05,288.73,133.05
14,2,Dus,291.22,125.05,304.67,133.05
14,2,"3,750",392.50,125.05,412.36,133.05
14,2,"2,131.89",432.10,125.05,463.09,133.05
14,2,"7,994,587.50",480.79,124.26,538.90,134.26
15,2,MT36,266.60,147.49,286.14,155.49
15,2,Recessed,288.64,147.49,321.46,155.49
15,2,Magnetic,323.96,147.49,355.58,155.49
15,2,Tr,358.07,147.49,365.62,155.49
15,2,150,67.92,154.00,81.00,162.00
15,2,9405,109.76,154.00,127.20,162.00
15,2,N6600-1037,144.15,154.00,187.27,162.00
15,2,10,403.63,154.00,412.35,162.00
15,2,"162,112.61",423.38,154.00,463.09,162.00
15,2,"1,621,126.10",480.79,153.21,538.90,163.21
15,2,ack,266.60,160.52,278.46,168.52
15,2,1meterBK,280.96,160.52,315.41,168.52
16,2,MT36,266.60,177.64,286.14,185.64
16,2,Recessed,288.64,177.64,321.46,185.64
16,2,Magnetic,323.96,177.64,355.58,185.64
16,2,Tr,358.07,177.64,365.62,185.64
16,2,160,67.92,184.15,81.00,192.15
16,2,9405,109.76,184.15,127.20,192.15
16,2,N6600-1038,144.15,184.15,187.27,192.15
16,2,18,403.63,184.15,412.35,192.15
16,2,"324,225.23",423.38,184.15,463.09,192.15
16,2,"5,836,054.14",480.79,183.36,538.90,193.36
16,2,ack,266.60,190.67,278.46,198.67
16,2,2meterBK,280.96,190.67,315.41,198.67
17,2,170,67.92,213.11,81.00,221.11
17,2,7326,109.76,213.11,127.20,221.11
17,2,45DH100-60,144.15,213.11,188.40,221.11
17,2,Inbowdus,266.60,213.11,301.17,221.11
17,2,40,403.63,213.11,412.35,221.11
17,2,"11,991.89",427.74,213.11,463.09,221.11
17,2,"479,675.60",489.26,212.31,538.90,222.31
18,2,180,67.92,240.86,81.00,248.86
18,2,8536,109.76,240.86,127.20,248.86
18,2,301687,144.15,240.86,170.31,248.86
18,2,Stop,266.60,240.86,282.48,248.86
18,2,Kontak,284.98,240.86,309.31,248.86
18,2,tipe,311.81,240.86,324.93,248.86
18,2,Schuko,327.42,240.86,352.80,248.86
18,2,300,399.27,240.86,412.35,248.86
18,2,"10,948.15",427.74,240.86,463.09,248.86
18,2,"3,284,445.00",480.79,240.07,538.90,250.07
19,2,Saklar,266.60,263.30,288.13,271.30
19,2,1-Tombol,290.62,263.30,324.18,271.30
19,2,1-,326.67,263.30,333.94,271.30
19,2,190,67.92,269.81,81.00,277.81
19,2,8536,109.76,269.81,127.20,277.81
19,2,661011G,144.15,269.81,175.65,277.81
19,2,4D,214.70,269.81,224.48,277.81
19,2,20,403.63,269.81,412.35,277.81
19,2,"59,870.63",427.74,269.81,463.09,277.81
19,2,"1,197,412.60",480.79,269.02,538.90,279.02
19,2,Arah,266.60,276.33,282.92,284.33
19,2,(GEM),285.42,276.33,307.51,284.33
20,2,Saklar,266.60,293.45,288.13,301.45
20,2,2-Tombol,290.62,293.45,324.18,301.45
20,2,1-,326.67,293.45,333.94,301.45
20,2,200,67.92,299.96,81.00,307.96
20,2,8536,109.76,299.96,127.20,307.96
20,2,661021G,144.15,299.96,175.65,307.96
20,2,4D,214.70,299.96,224.48,307.96
20,2,30,403.63,299.96,412.35,307.96
20,2,"77,369.91",427.74,299.96,463.09,307.96
20,2,"2,321,097.30",480.79,299.17,538.90,309.17
20,2,Arah,266.60,306.48,282.92,314.48
20,2,(GEM),285.42,306.48,307.51,314.48
21,2,Saklar,266.60,323.60,288.13,331.60
21,2,3-Tombol,290.62,323.60,324.18,331.60
21,2,1-,326.67,323.60,333.94,331.60
21,2,210,67.92,330.11,81.00,338.11
21,2,8536,109.76,330.11,127.20,338.11
21,2,661031G,144.15,330.11,175.65,338.11
21,2,4D,214.70,330.11,224.48,338.11
21,2,20,403.63,330.11,412.35,338.11
21,2,"115,921.62",423.38,330.11,463.09,338.11
21,2,"2,318,432.40",480.79,329.32,538.90,339.32
21,2,Arah,266.60,336.63,282.92,344.63
21,2,(GEM),285.42,336.63,307.51,344.63
22,2,220,67.92,359.07,81.00,367.07
22,2,8536,109.76,359.07,127.20,367.07
22,2,721022,144.15,359.07,170.31,367.07
22,2,61,214.70,359.07,223.42,367.07
22,2,Sakelar,266.60,359.07,292.34,367.07
22,2,2,294.83,359.07,299.19,367.07
22,2,Tombol,301.69,359.07,327.98,367.07
22,2,2,330.47,359.07,334.83,367.07
22,2,Arah,337.33,359.07,353.65,367.07
22,2,20,403.63,359.07,412.35,367.07
22,2,"47,079.28",427.74,359.07,463.09,367.07
22,2,"941,585.60",489.26,358.27,538.90,368.27
23,2,Saklar,266.60,381.51,288.13,389.51
23,2,1-Tombol,290.62,381.51,324.18,389.51
23,2,2-,326.67,381.51,333.94,389.51
23,2,230,67.92,388.02,81.00,396.02
23,2,8536,109.76,388.02,127.20,396.02
23,2,661012G,144.15,388.02,175.65,396.02
23,2,4D,214.70,388.02,224.48,396.02
23,2,20,403.63,388.02,412.35,396.02
23,2,"65,733.33",427.74,388.02,463.09,396.02
23,2,"1,314,666.60",480.79,387.22,538.90,397.22
23,2,Arah,266.60,394.53,282.92,402.53
23,2,(GEM),285.42,394.53,307.51,402.53
24,2,Saklar,266.60,411.66,288.13,419.66
24,2,2-Tombol,290.62,411.66,324.18,419.66
24,2,2-,326.67,411.66,333.94,419.66
24,2,240,67.92,418.17,81.00,426.17
24,2,8536,109.76,418.17,127.20,426.17
24,2,661022G,144.15,418.17,175.65,426.17
24,2,4D,214.70,418.17,224.48,426.17
24,2,20,403.63,418.17,412.35,426.17
24,2,"86,252.79",427.74,418.17,463.09,426.17
24,2,"1,725,055.80",480.79,417.37,538.90,427.37
24,2,Arah,266.60,424.68,282.92,432.68
24,2,(GEM),285.42,424.68,307.51,432.68
25,2,Stop,266.60,441.80,282.48,449.80
25,2,Kontak,284.98,441.80,309.31,449.80
25,2,Tipe,311.81,441.80,326.92,449.80
25,2,Schuko,329.42,441.80,354.79,449.80
25,2,(G,357.29,441.80,365.68,449.80
25,2,250,67.92,448.32,81.00,456.32
25,2,8536,109.76,448.32,127.20,456.32
25,2,661687G,144.15,448.32,175.65,456.32
25,2,4D,214.70,448.32,224.48,456.32
25,2,30,403.63,448.32,412.35,456.32
25,2,"58,804.68",427.74,448.32,463.09,456.32
25,2,"1,764,140.40",480.79,447.52,538.90,457.52
25,2,EM),266.60,454.83,280.30,462.83
26,2,Stop,266.60,471.95,282.48,479.95
26,2,Kontak,284.98,471.95,309.31,479.95
26,2,Schuko,311.81,471.95,337.18,479.95
26,2,Dengan,339.68,471.95,366.83,479.95
26,2,260,67.92,478.47,81.00,486.47
26,2,8536,109.76,478.47,127.20,486.47
26,2,66E7256G,144.15,478.47,180.13,486.47
26,2,4D,214.70,478.47,224.48,486.47
26,2,10,403.63,478.47,412.35,486.47
26,2,"188,583.60",423.38,478.47,463.09,486.47
26,2,"1,885,836.00",480.79,477.67,538.90,487.67
26,2,Tipe,266.60,484.98,281.71,492.98
26,2,A+C,284.21,484.98,299.62,492.98
26,2,(GEM),302.11,484.98,324.21,492.98
27,2,Saklar,266.60,502.10,288.13,510.10
27,2,1-Tombol,290.62,502.10,324.18,510.10
27,2,2-,326.67,502.10,333.94,510.10
27,2,270,67.92,508.62,81.00,516.62
27,2,8536,109.76,508.62,127.20,516.62
27,2,661012G,144.15,508.62,175.65,516.62
27,2,4F,214.70,508.62,223.23,516.62
27,2,10,403.63,508.62,412.35,516.62
27,2,"65,733.33",427.74,508.62,463.09,516.62
27,2,"657,333.30",489.26,507.82,538.90,517.82
27,2,Arah,266.60,515.13,282.92,523.13
27,2,(GEM),285.42,515.13,307.51,523.13
28,2,Saklar,266.60,532.25,288.13,540.25
28,2,2-Tombol,290.62,532.25,324.18,540.25
28,2,2-,326.67,532.25,333.94,540.25
28,2,280,67.92,538.77,81.00,546.77
28,2,8536,109.76,538.77,127.20,546.77
28,2,661022G,144.15,538.77,175.65,546.77
28,2,4F,214.70,538.77,223.23,546.77
28,2,10,403.63,538.77,412.35,546.77
28,2,"86,252.79",427.74,538.77,463.09,546.77
28,2,"862,527.90",489.26,537.97,538.90,547.97
28,2,Arah,266.60,545.28,282.92,553.28
28,2,(GEM),285.42,545.28,307.51,553.28
29,2,Stop,266.60,562.40,282.48,570.40
29,2,Kontak,284.98,562.40,309.31,570.40
29,2,Schuko,311.81,562.40,337.18,570.40
29,2,Dengan,339.68,562.40,366.83,570.40
29,2,290,67.92,568.92,81.00,576.92
29,2,8536,109.76,568.92,127.20,576.92
29,2,66E7256G,144.15,568.92,180.13,576.92
29,2,4F,214.70,568.92,223.23,576.92
29,2,10,403.63,568.92,412.35,576.92
29,2,"188,583.60",423.38,568.92,463.09,576.92
29,2,"1,885,836.00",480.79,568.12,538.90,578.12
29,2,Tipe,266.60,575.43,281.71,583.43
29,2,A+C,284.21,575.43,299.62,583.43
29,2,(GEM),302.11,575.43,324.21,583.43
30,2,300,67.92,597.87,81.00,605.87
30,2,8536,109.76,597.87,127.20,605.87
30,2,721687,144.15,597.87,170.31,605.87
30,2,61,214.70,597.87,223.42,605.87
30,2,Stop,266.60,597.87,282.48,605.87
30,2,Kontak,284.98,597.87,309.31,605.87
30,2,tipe,311.81,597.87,324.93,605.87
30,2,Schuko,327.42,597.87,352.80,605.87
30,2,50,403.63,597.87,412.35,605.87
30,2,"36,686.31",427.74,597.87,463.09,605.87
30,2,"1,834,315.50",480.79,597.07,538.90,607.07
31,2,310,67.92,625.62,81.00,633.62
31,2,8538,109.76,625.62,127.20,633.62
31,2,660820,144.15,625.62,170.31,633.62
31,2,Bingkai,266.60,625.62,292.01,633.62
31,2,Sakelar,294.50,625.62,320.24,633.62
31,2,2,322.74,625.62,327.10,633.62
31,2,44,403.63,625.62,412.35,633.62
31,2,"5,329.73",432.10,625.62,463.09,633.62
31,2,"234,508.12",489.26,624.83,538.90,634.83
32,2,320,67.92,653.38,81.00,661.38
32,2,8538,109.76,653.38,127.20,661.38
32,2,660830,144.15,653.38,170.31,661.38
32,2,Bingkai,266.60,653.38,292.01,661.38
32,2,Sakelar,294.50,653.38,320.24,661.38
32,2,3,322.74,653.38,327.10,661.38
32,2,26,403.63,653.38,412.35,661.38
32,2,"6,218.02",432.10,653.38,463.09,661.38
32,2,"161,668.52",489.26,652.58,538.90,662.58
33,2,330,67.92,681.13,81.00,689.13
33,2,8538,109.76,681.13,127.20,689.13
33,2,660840,144.15,681.13,170.31,689.13
33,2,Bingkai,266.60,681.13,292.01,689.13
33,2,Sakelar,294.50,681.13,320.24,689.13
33,2,4,322.74,681.13,327.10,689.13
33,2,22,403.63,681.13,412.35,689.13
33,2,"7,550.45",432.10,681.13,463.09,689.13
33,2,"166,109.90",489.26,680.34,538.90,690.34
34,2,340,67.92,708.89,81.00,716.89
34,2,8538,109.76,708.89,127.20,716.89
34,2,660820,144.15,708.89,170.31,716.89
34,2,6Q,214.70,708.89,224.72,716.89
34,2,Bingkai,266.60,708.89,292.01,716.89
34,2,Sakelar,294.50,708.89,320.24,716.89
34,2,2,322.74,708.89,327.10,716.89
34,2,44,403.63,708.89,412.35,716.89
34,2,"11,991.89",427.74,708.89,463.09,716.89
34,2,"527,643.16",489.26,708.09,538.90,718.09
35,2,350,67.92,736.64,81.00,744.64
35,2,8538,109.76,736.64,127.20,744.64
35,2,660830,144.15,736.64,170.31,744.64
35,2,6Q,214.70,736.64,224.72,744.64
35,2,Bingkai,266.60,736.64,292.01,744.64
35,2,Sakelar,294.50,736.64,320.24,744.64
35,2,3,322.74,736.64,327.10,744.64
35,2,26,403.63,736.64,412.35,744.64
35,2,"12,880.18",427.74,736.64,463.09,744.64
35,2,"334,884.68",489.26,735.85,538.90,745.85
36,2,360,67.92,764.40,81.00,772.40
36,2,8538,109.76,764.40,127.20,772.40
36,2,660840,144.15,764.40,170.31,772.40
36,2,6Q,214.70,764.40,224.72,772.40
36,2,Bingkai,266.60,764.40,292.01,772.40
36,2,Sakelar,294.50,764.40,320.24,772.40
36,2,4,322.74,764.40,327.10,772.40
36,2,22,403.63,764.40,412.35,772.40
36,2,"14,212.61",427.74,764.40,463.09,772.40
36,2,"312,677.42",489.26,763.60,538.90,773.60
37,3,370,67.92,64.75,81.00,72.75
37,3,7326,109.76,64.75,127.20,72.75
37,3,700610,144.15,64.75,170.31,72.75
37,3,46,214.70,64.75,223.42,72.75
37,3,Bingkai,266.60,64.75,292.01,72.75
37,3,untuk,294.50,64.75,314.53,72.75
37,3,1-tombol,317.02,64.75,348.58,72.75
37,3,120,399.27,64.75,412.35,72.75
37,3,"11,725.41",427.74,64.75,463.09,72.75
37,3,"1,407,049.20",480.79,63.96,538.90,73.96
38,3,Bingkai,266.60,87.19,292.01,95.19
38,3,saklar,294.50,87.19,315.14,95.19
38,3,1-,320.14,87.19,327.40,95.19
38,3,380,67.92,93.71,81.00,101.71
38,3,7326,109.76,93.71,127.20,101.71
38,3,700610,144.15,93.71,170.31,101.71
38,3,61,214.70,93.71,223.42,101.71
38,3,480,399.27,93.71,412.35,101.71
38,3,"11,725.41",427.74,93.71,463.09,101.71
38,3,"5,628,196.80",480.79,92.91,538.90,102.91
38,3,warna,269.10,100.22,290.75,108.22
38,3,putih,293.25,100.22,311.07,108.22
39,3,390,67.92,122.66,81.00,130.66
39,3,8536,109.76,122.66,127.20,130.66
39,3,301011,144.15,122.66,170.31,130.66
39,3,Sakelar,266.60,122.66,292.34,130.66
39,3,1,294.83,122.66,299.19,130.66
39,3,Tombol,301.69,122.66,327.98,130.66
39,3,1,330.47,122.66,334.83,130.66
39,3,Arah,337.33,122.66,353.65,130.66
39,3,100,399.27,122.66,412.35,130.66
39,3,"7,861.35",432.10,122.66,463.09,130.66
39,3,"786,135.00",489.26,121.86,538.90,131.86
40,3,400,67.92,150.41,81.00,158.41
40,3,7326,109.76,150.41,127.20,158.41
40,3,700620,144.15,150.41,170.31,158.41
40,3,61,214.70,150.41,223.42,158.41
40,3,Bingkai,266.60,150.41,292.01,158.41
40,3,Saklar,294.50,150.41,316.03,158.41
40,3,2-warna,318.53,150.41,347.45,158.41
40,3,Putih,349.94,150.41,367.76,158.41
40,3,240,399.27,150.41,412.35,158.41
40,3,"21,141.26",427.74,150.41,463.09,158.41
40,3,"5,073,902.40",480.79,149.62,538.90,159.62
41,3,410,67.92,178.17,81.00,186.17
41,3,7326,109.76,178.17,127.20,186.17
41,3,700630,144.15,178.17,170.31,186.17
41,3,61,214.70,178.17,223.42,186.17
41,3,Bingkai,266.60,178.17,292.01,186.17
41,3,saklar,294.50,178.17,315.14,186.17
41,3,3-warna,320.14,178.17,349.06,186.17
41,3,putih,351.55,178.17,369.38,186.17
41,3,160,399.27,178.17,412.35,186.17
41,3,"30,557.12",427.74,178.17,463.09,186.17
41,3,"4,889,139.20",480.79,177.37,538.90,187.37
42,3,420,67.92,205.92,81.00,213.92
42,3,7326,109.76,205.92,127.20,213.92
42,3,700640,144.15,205.92,170.31,213.92
42,3,61,214.70,205.92,223.42,213.92
42,3,Bingkai,266.60,205.92,292.01,213.92
42,3,Saklar,294.50,205.92,316.03,213.92
42,3,4-warna,318.53,205.92,347.45,213.92
42,3,Putih,349.94,205.92,367.76,213.92
42,3,60,403.63,205.92,412.35,213.92
42,3,"39,972.97",427.74,205.92,463.09,213.92
42,3,"2,398,378.20",480.79,205.13,538.90,215.13
43,3,430,67.92,233.68,81.00,241.68
43,3,7326,109.76,233.68,127.20,241.68
43,3,700650,144.15,233.68,170.31,241.68
43,3,61,214.70,233.68,223.42,241.68
43,3,Bingkai,266.60,233.68,292.01,241.68
43,3,saklar,294.50,233.68,315.14,241.68
43,3,5-warna,320.14,233.68,349.06,241.68
43,3,putih,351.55,233.68,369.38,241.68
43,3,40,403.63,233.68,412.35,241.68
43,3,"49,388.83",427.74,233.68,463.09,241.68
43,3,"1,975,553.20",480.79,232.88,538.90,242.88
44,3,440,67.92,261.43,81.00,269.43
44,3,8536,109.76,261.43,127.20,269.43
44,3,701011,144.15,261.43,170.31,269.43
44,3,61,214.70,261.43,223.42,269.43
44,3,Saklar,266.60,261.43,288.13,269.43
44,3,1-Tombol,290.62,261.43,324.18,269.43
44,3,1-Arah,326.67,261.43,350.26,269.43
44,3,150,399.27,261.43,412.35,269.43
44,3,"18,387.57",427.74,261.43,463.09,269.43
44,3,"2,758,135.50",480.79,260.64,538.90,270.64
45,3,450,67.92,289.19,81.00,297.19
45,3,8536,109.76,289.19,127.20,297.19
45,3,701021,144.15,289.19,170.31,297.19
45,3,61,214.70,289.19,223.42,297.19
45,3,Saklar,266.60,289.19,288.13,297.19
45,3,2-Tombol,290.62,289.19,324.18,297.19
45,3,1-Arah,326.67,289.19,350.26,297.19
45,3,200,399.27,289.19,412.35,297.19
45,3,"32,511.35",427.74,289.19,463.09,297.19
45,3,"6,502,270.00",480.79,288.39,538.90,298.39
46,3,460,67.92,316.94,81.00,324.94
46,3,8536,109.76,316.94,127.20,324.94
46,3,701022,144.15,316.94,170.31,324.94
46,3,61,214.70,316.94,223.42,324.94
46,3,Saklar,266.60,316.94,288.13,324.94
46,3,2-Tombol,290.62,316.94,324.18,324.94
46,3,2-Arah,326.67,316.94,350.26,324.94
46,3,100,399.27,316.94,412.35,324.94
46,3,"40,950.09",427.74,316.94,463.09,324.94
46,3,"4,095,009.00",480.79,316.15,538.90,326.15
47,3,Saklar,266.60,339.38,288.13,347.38
47,3,1-,290.62,339.38,297.89,347.38
47,3,470,67.92,345.89,81.00,353.89
47,3,8536,109.76,345.89,127.20,353.89
47,3,701026,144.15,345.89,170.31,353.89
47,3,61,214.70,345.89,223.42,353.89
47,3,20,403.63,345.89,412.35,353.89
47,3,"39,972.97",427.74,345.89,463.09,353.89
47,3,"799,459.40",489.26,345.10,538.90,355.10
47,3,Tombol,266.60,352.41,292.89,360.41
47,3,intermediate,295.38,352.41,339.66,360.41
48,3,480,67.92,374.85,81.00,382.85
48,3,8536,109.76,374.85,127.20,382.85
48,3,701687,144.15,374.85,170.31,382.85
48,3,61,214.70,374.85,223.42,382.85
48,3,Stop,266.60,374.85,282.48,382.85
48,3,Kontak,284.98,374.85,309.31,382.85
48,3,tipe,311.81,374.85,324.93,382.85
48,3,Schuko,327.42,374.85,352.80,382.85
48,3,500,399.27,374.85,412.35,382.85
48,3,"29,135.86",427.74,374.85,463.09,382.85
48,3,"14,567,930.00",475.34,374.05,538.90,384.05
49,3,Stop,266.60,397.29,282.48,405.29
49,3,Kontak,284.98,397.29,309.31,405.29
49,3,Saklar,311.81,397.29,333.34,405.29
49,3,Internasi,335.83,397.29,367.07,405.29
49,3,490,67.92,403.80,81.00,411.80
49,3,8536,109.76,403.80,127.20,411.80
49,3,701080,144.15,403.80,170.31,411.80
49,3,61,214.70,403.80,223.42,411.80
49,3,200,399.27,403.80,412.35,411.80
49,3,"80,034.77",427.74,403.80,463.09,411.80
49,3,"16,006,954.00",475.34,403.00,538.90,413.00
49,3,onal,266.60,410.31,281.41,418.31
49,3,10A,283.90,410.31,297.42,418.31
50,3,500,67.92,432.75,81.00,440.75
50,3,8536,109.76,432.75,127.20,440.75
50,3,301021,144.15,432.75,170.31,440.75
50,3,Sakelar,266.60,432.75,292.34,440.75
50,3,2,294.83,432.75,299.19,440.75
50,3,Tombol,301.69,432.75,327.98,440.75
50,3,1,330.47,432.75,334.83,440.75
50,3,Arah,337.33,432.75,353.65,440.75
50,3,100,399.27,432.75,412.35,440.75
50,3,"11,658.78",427.74,432.75,463.09,440.75
50,3,"1,165,878.00",480.79,431.96,538.90,441.96
51,3,Stop,266.60,455.19,282.48,463.19
51,3,kontak,284.98,455.19,308.60,463.19
51,3,universal,311.10,455.19,342.49,463.19
51,3,denga,344.98,455.19,366.67,463.19
51,3,510,67.92,461.70,81.00,469.70
51,3,8536,109.76,461.70,127.20,469.70
51,3,701089,144.15,461.70,170.31,469.70
51,3,61,214.70,461.70,223.42,469.70
51,3,50,403.63,461.70,412.35,469.70
51,3,"90,338.92",427.74,461.70,463.09,469.70
51,3,"4,516,946.00",480.79,460.91,538.90,470.91
51,3,n,266.60,468.22,271.06,476.22
51,3,sakelar,273.55,468.22,298.40,476.22
51,3,"7,502",392.50,486.16,412.36,494.16
51,3,"203,802,775.52",483.69,486.16,538.90,494.16
