{
  "doc_id": "936722c3-bddf-4b9b-b761-8721ddc330ce.pdf",
  "items": [
    {
      "no": 1,
      "hs_code": null,
      "sku": "5050154",
      "code": null,
      "description": "TS SINGLE DOOR 600x2000 RAL7035",
      "type": null,
      "qty": 1,
      "uom": "PCS",
      "unit_price": 5037460,
      "discount_amount": null,
      "discount_percent": 0,
      "amount": 5037460
    },
    {
      "no": 2,
      "hs_code": null,
      "sku": "8800040",
      "code": null,
      "description": "TS FIXING COMPONENTS FRAME",
      "type": null,
      "qty": 1,
      "uom": "PCS",
      "unit_price": 317816,
      "discount_amount": null,
      "discount_percent": 0,
      "amount": 317816
    },
    {
      "no": 3,
      "hs_code": null,
      "sku": "5050067",
      "code": null,
      "description": "TS SINGLE DOOR 800x2000 RAL7035",
      "type": null,
      "qty": 2,
      "uom": "PCS",
      "unit_price": 5502378,
      "discount_amount": null,
      "discount_percent": 0,
      "amount": 11004756
    },
    {
      "no": 4,
      "hs_code": null,
      "sku": "8800040",
      "code": null,
      "description": "TS FIXING COMPONENTS FRAME",
      "type": null,
      "qty": 2,
      "uom": "PCS",
      "unit_price": 317816,
      "discount_amount": null,
      "discount_percent": 0,
      "amount": 635632
    },
    {
      "no": 5,
      "hs_code": null,
      "sku": "5050165",
      "code": null,
      "description": "TS DOOR RH 500x2000 RAL7035",
      "type": null,
      "qty": 2,
      "uom": "PCS",
      "unit_price": 4556669,
      "discount_amount": null,
      "discount_percent": 0,
      "amount": 9113338
    },
    {
      "no": 6,
      "hs_code": null,
      "sku": "5050167",
      "code": null,
      "description": "TS DOOR RH 500x2000 RAL7035",
      "type": null,
      "qty": 2,
      "uom": "PCS",
      "unit_price": 5173722,
      "discount_amount": null,
      "discount_percent": 0,
      "amount": 10347444
    },
    {
      "no": 7,
      "hs_code": null,
      "sku": "5050412",
      "code": null,
      "description": "TS lock part for two-door TS PU=4EA",
      "type": null,
      "qty": 2,
      "uom": "PCS",
      "unit_price": 622472,
      "discount_amount": null,
      "discount_percent": 0,
      "amount": 1244944
    }
  ],
  "stage": "line_items",
  "version": "rittal-line-items-v2",
  "notes": "defaulted uom; defaulted discount_percent"
}