{"doc_id":"936722c3-bddf-4b9b-b761-8721ddc330ce.pdf","version":"3.4-segment-only","meta":{"profile":"invoice_rittal_v1","fail_mode":"soft"},"header":{"invoice_number":{"raw_text":"SI.2025.09.00002","value_text":"SI.2025.09.00002","page":1,"source_region":"invoice_number","region_bbox":[0.709244,0.184181,0.815328,0.204181],"token_span":[26],"confidence":"high","strategy":"regex_capture","regex":{"total_patterns":1,"pattern_index":0,"matched_pattern":"([A-Za-z0-9]+(?:[./-][A-Za-z0-9]+)+)","match_span":[0,16]}},"invoice_date":{"raw_text":"04 Sep 2025","value_text":"04 Sep 2025","page":1,"source_region":"invoice_date","region_bbox":[0.463866,0.182993,0.5408,0.202993],"token_span":[23,24,25],"confidence":"high","strategy":"regex_capture","regex":{"total_patterns":1,"pattern_index":null,"matched_pattern":null,"match_span":null}},"buyer_name":{"raw_text":"To : PT. Jago Gaya Metal","value_text":"PT. Jago Gaya Metal","page":1,"source_region":"buyer_name","region_bbox":[0.055462,0.172399,0.202427,0.200903],"token_span":[21,22,27,28,29,30],"confidence":"high","strategy":"regex_capture","regex":{"total_patterns":1,"pattern_index":0,"matched_pattern":"(?:^|\\n)\\s*To\\s*:?\\s*([A-Za-z0-9.&,'\\-\\s]+)","match_span":[0,24]}},"customer_id":{"raw_text":null,"value_text":null,"page":null,"source_region":null,"region_bbox":null,"token_span":[],"confidence":"none","strategy":"regex_capture","warnings":["segment_not_found","required_field_empty"]},"seller_name":{"raw_text":null,"value_text":"PT Rittal","page":null,"source_region":"override","region_bbox":null,"token_span":[],"confidence":"none","strategy":"constant"}},"totals_extracted":{"subtotal":{"raw_text":"Sub Total 37.701.390 Tax Based 34.559.608 VAT 12% 4.147.153 Total 41.848.543 Prepared By :","value_text":"37.701.390","page":1,"source_region":"total","region_bbox":[0.613866,0.522957,1.0,0.621021],"token_span":[156,157,158,159,160,161,162,163,164,165,166,176,177,178],"confidence":"high","strategy":"regex_capture","regex":{"total_patterns":1,"pattern_index":0,"matched_pattern":"(?:^\\s*\\d[\\d.]*\\s+|(?:sub\\s*total|subtotal)[^\\d]*?)([\\(\\-]?\\d{1,3}(?:[.,]\\d{3})*(?:[.,]\\d+)?[\\)]?)","match_span":[0,20]}},"tax_base":{"raw_text":"Sub Total 37.701.390 Tax Based 34.559.608 VAT 12% 4.147.153 Total 41.848.543 Prepared By :","value_text":"34.559.608","page":1,"source_region":"total","region_bbox":[0.613866,0.522957,1.0,0.621021],"token_span":[156,157,158,159,160,161,162,163,164,165,166,176,177,178],"confidence":"high","strategy":"regex_capture","regex":{"total_patterns":1,"pattern_index":0,"matched_pattern":"(?i)(?:tax\\s*based?|tax\\s*base|dpp|dasar\\s*pajak)[^\\d]*([\\(\\-]?\\d{1,3}(?:[.,]\\d{3})*(?:[.,]\\d+)?[\\)]?)","match_span":[21,41]}},"tax_amount":{"raw_text":"Sub Total 37.701.390 Tax Based 34.559.608 VAT 12% 4.147.153 Total 41.848.543 Prepared By :","value_text":"4.147.153","page":1,"source_region":"total","region_bbox":[0.613866,0.522957,1.0,0.621021],"token_span":[156,157,158,159,160,161,162,163,164,165,166,176,177,178],"confidence":"high","strategy":"regex_capture","regex":{"total_patterns":1,"pattern_index":0,"matched_pattern":"(?i)(?:vat|ppn)\\s*[0-9]{1,2}\\s*%[^\\d]*([\\(\\-]?\\d{1,3}(?:[.,]\\d{3})*(?:[.,]\\d+)?[\\)]?)","match_span":[42,59]}},"grand_total":{"raw_text":"Sub Total 37.701.390 Tax Based 34.559.608 VAT 12% 4.147.153 Total 41.848.543 Prepared By :","value_text":"41.848.543","page":1,"source_region":"total","region_bbox":[0.613866,0.522957,1.0,0.621021],"token_span":[156,157,158,159,160,161,162,163,164,165,166,176,177,178],"confidence":"high","strategy":"regex_capture","regex":{"total_patterns":1,"pattern_index":0,"matched_pattern":"(?i)(?:grand\\s*total|total(?![^\\n]*total))[^\\d]*([\\(\\-]?\\d{1,3}(?:[.,]\\d{3})*(?:[.,]\\d+)?[\\)]?)","match_span":[60,76]}},"vat_rate":{"raw_text":"Sub Total 37.701.390 Tax Based 34.559.608 VAT 12% 4.147.153 Total 41.848.543 Prepared By :","value_text":"12%","page":1,"source_region":"total","region_bbox":[0.613866,0.522957,1.0,0.621021],"token_span":[156,157,158,159,160,161,162,163,164,165,166,176,177,178],"confidence":"high","strategy":"regex_capture","regex":{"total_patterns":1,"pattern_index":0,"matched_pattern":"(?:vat|ppn)\\s*([0-9]{1,2}\\s*%)","match_span":[42,49]}}}}