{"doc_id":"936722c3-bddf-4b9b-b761-8721ddc330ce.pdf","stage":"confidence","version":"2.0","components":{"row_pass_rate":1.0,"header_score":0.4,"totals":{"G":0.0,"V":0.0,"S":1.0,"B":0.0,"T":0.0},"base_score":0.0,"penalties":0.0},"score":0.0,"flags":[],"severe":[],"reasons":["gt_wrong_printed"],"header_presence":{"invoice_number":true,"invoice_date":true,"customer_id":false,"seller":false,"currency":false},"meta":{"items_count":7,"header_present":2,"header_total":5,"weights":{"row":0.4,"header":0.1,"totals":0.5,"totals_detail":{"G":0.7,"V":0.15,"S":0.1,"B":0.05}},"inputs":{"fields":"/tmp/pdf_process_936722c3-bddf-4b9b-b761-8721ddc330ce__1zththq/output/fields/936722c3-bddf-4b9b-b761-8721ddc330ce-fields.json","items":"/tmp/pdf_process_936722c3-bddf-4b9b-b761-8721ddc330ce__1zththq/output/items/936722c3-bddf-4b9b-b761-8721ddc330ce-items.json","validation":"/tmp/pdf_process_936722c3-bddf-4b9b-b761-8721ddc330ce__1zththq/output/validate/936722c3-bddf-4b9b-b761-8721ddc330ce-validation.json","tokens":"/tmp/pdf_process_936722c3-bddf-4b9b-b761-8721ddc330ce__1zththq/output/normalize/936722c3-bddf-4b9b-b761-8721ddc330ce-normalized.json"}}}