{"doc_id":"936722c3-bddf-4b9b-b761-8721ddc330ce.pdf","buyer_id":null,"invoice":{"number":"SI.2025.09.00002","date":"04 Sep 2025"},"seller":{"name":"PT Rittal"},"buyer":{"name":"PT. Jago Gaya Metal"},"currency":"IDR","items":[{"no":1,"sku":"5050154","description":"TS SINGLE DOOR 600x2000 RAL7035","qty":1,"unit_price":5037460.0,"amount":5037460.0,"_refs":{"no":null,"sku":null,"description":null,"qty":null,"unit_price":null,"amount":null}},{"no":2,"sku":"8800040","description":"TS FIXING COMPONENTS FRAME","qty":1,"unit_price":317816.0,"amount":317816.0,"_refs":{"no":null,"sku":null,"description":null,"qty":null,"unit_price":null,"amount":null}},{"no":3,"sku":"5050067","description":"TS SINGLE DOOR 800x2000 RAL7035","qty":2,"unit_price":5502378.0,"amount":11004756.0,"_refs":{"no":null,"sku":null,"description":null,"qty":null,"unit_price":null,"amount":null}},{"no":4,"sku":"8800040","description":"TS FIXING COMPONENTS FRAME","qty":2,"unit_price":317816.0,"amount":635632.0,"_refs":{"no":null,"sku":null,"description":null,"qty":null,"unit_price":null,"amount":null}},{"no":5,"sku":"5050165","description":"TS DOOR RH 500x2000 RAL7035","qty":2,"unit_price":4556669.0,"amount":9113338.0,"_refs":{"no":null,"sku":null,"description":null,"qty":null,"unit_price":null,"amount":null}},{"no":6,"sku":"5050167","description":"TS DOOR RH 500x2000 RAL7035","qty":2,"unit_price":5173722.0,"amount":10347444.0,"_refs":{"no":null,"sku":null,"description":null,"qty":null,"unit_price":null,"amount":null}},{"no":7,"sku":"5050412","description":"TS lock part for two-door TS PU=4EA","qty":2,"unit_price":622472.0,"amount":1244944.0,"_refs":{"no":null,"sku":null,"description":null,"qty":null,"unit_price":null,"amount":null}}],"totals":{"subtotal":37701390.0,"tax_base":34559608.0,"tax_label":"VAT","tax_amount":4147153.0,"grand_total":41848543.0},"issues":[],"confidence":{"score":0.0,"components":{"row_pass_rate":1.0,"header_score":0.4,"totals":{"G":0.0,"V":0.0,"S":1.0,"B":0.0,"T":0.0},"base_score":0.0,"penalties":0.0},"flags":[]},"provenance":{"header_refs":{},"files":{"fields":"/tmp/pdf_process_936722c3-bddf-4b9b-b761-8721ddc330ce__1zththq/output/fields/936722c3-bddf-4b9b-b761-8721ddc330ce-fields.json","items":"/tmp/pdf_process_936722c3-bddf-4b9b-b761-8721ddc330ce__1zththq/output/items/936722c3-bddf-4b9b-b761-8721ddc330ce-items.json","validation":"/tmp/pdf_process_936722c3-bddf-4b9b-b761-8721ddc330ce__1zththq/output/validate/936722c3-bddf-4b9b-b761-8721ddc330ce-validation.json","confidence":"/tmp/pdf_process_936722c3-bddf-4b9b-b761-8721ddc330ce__1zththq/output/validate/936722c3-bddf-4b9b-b761-8721ddc330ce-confidence.json","cells":"/tmp/pdf_process_936722c3-bddf-4b9b-b761-8721ddc330ce__1zththq/output/cells/936722c3-bddf-4b9b-b761-8721ddc330ce-cells_normalized.json","config":"/app/config/s10_invoice_rittal_parser_v1.json"}},"stage":"final","version":"1.0"}